date,name,rank_day,rank_week,rank_month,rank_quarter,rank_half,rank_year,rank_ytd,rank_week_delta_7d,rank_week_delta_14d,rank_week_delta_30d,rank_month_delta_7d,rank_month_delta_14d,rank_month_delta_30d,rank_ytd_delta_7d,rank_ytd_delta_14d,rank_ytd_delta_30d,perf_week_delta_7d,perf_week_delta_14d,perf_week_delta_30d,perf_month_delta_7d,perf_ytd_delta_7d,perf_ytd_delta_30d,momentum_score,rank_agreement
2026-06-09,Advertising Agencies,33.0,131.0,16.0,53.0,129.0,76.0,131.0,,,,,,,,,,,,,,,,0.4385614385614386,0.302204416945862
2026-06-09,Aerospace & Defense,109.0,97.0,50.0,116.0,52.0,55.0,67.0,,,,,,,,,,,,,,,,0.46153846153846156,0.5452931970067454
2026-06-09,Agricultural Inputs,123.0,114.0,113.0,111.0,44.0,96.0,47.0,,,,,,,,,,,,,,,,0.3596403596403596,0.5243212919803535
2026-06-09,Airlines,116.0,123.0,49.0,40.0,77.0,50.0,99.0,,,,,,,,,,,,,,,,0.4535464535464535,0.7662828675934489
2026-06-09,Airports & Air Services,64.0,134.0,127.0,115.0,130.0,91.0,132.0,,,,,,,,,,,,,,,,0.21478521478521478,0.9038620483575698
2026-06-09,Aluminum,9.0,113.0,12.0,14.0,2.0,4.0,8.0,,,,,,,,,,,,,,,,0.8451548451548451,0.9221291697506291
2026-06-09,Apparel Manufacturing,30.0,83.0,95.0,58.0,69.0,51.0,64.0,,,,,,,,,,,,,,,,0.5574425574425576,0.7698673752181213
2026-06-09,Apparel Retail,75.0,19.0,44.0,66.0,57.0,59.0,74.0,,,,,,,,,,,,,,,,0.6133866133866134,0.866033258317007
2026-06-09,Asset Management,78.0,95.0,103.0,45.0,106.0,102.0,111.0,,,,,,,,,,,,,,,,0.3676323676323676,0.5835196106481652
2026-06-09,Auto & Truck Dealerships,10.0,74.0,131.0,57.0,108.0,108.0,115.0,,,,,,,,,,,,,,,,0.4045954045954046,0.5412779297890007
2026-06-09,Auto Manufacturers,3.0,99.0,63.0,70.0,112.0,46.0,113.0,,,,,,,,,,,,,,,,0.5014985014985015,0.6790065058033985
2026-06-09,Auto Parts,53.0,52.0,81.0,61.0,79.0,74.0,56.0,,,,,,,,,,,,,,,,0.5514485514485515,0.8665819298717559
2026-06-09,Banks - Diversified,50.0,26.0,33.0,29.0,50.0,39.0,62.0,,,,,,,,,,,,,,,,0.7182817182817182,0.8649426019872171
2026-06-09,Banks - Regional,82.0,45.0,72.0,63.0,81.0,66.0,84.0,,,,,,,,,,,,,,,,0.5144855144855145,0.8909898093138469
2026-06-09,Beverages - Brewers,59.0,82.0,97.0,49.0,29.0,78.0,34.0,,,,,,,,,,,,,,,,0.5794205794205795,0.5767064069812152
2026-06-09,Beverages - Non-Alcoholic,72.0,53.0,62.0,81.0,55.0,75.0,54.0,,,,,,,,,,,,,,,,0.5554445554445555,0.8370464308009644
2026-06-09,Beverages - Wineries & Distilleries,47.0,34.0,108.0,69.0,113.0,130.0,94.0,,,,,,,,,,,,,,,,0.41258741258741255,0.7082147406290201
2026-06-09,Biotechnology,106.0,105.0,110.0,91.0,96.0,42.0,88.0,,,,,,,,,,,,,,,,0.36963036963036966,0.8807082369983777
2026-06-09,Broadcasting,129.0,112.0,129.0,140.0,124.0,115.0,129.0,,,,,,,,,,,,,,,,0.12987012987012986,0.9008570148338614
2026-06-09,Building Materials,144.0,120.0,126.0,96.0,105.0,88.0,112.0,,,,,,,,,,,,,,,,0.2167832167832168,0.8135343828535191
2026-06-09,Building Products & Equipment,45.0,23.0,69.0,41.0,46.0,83.0,41.0,,,,,,,,,,,,,,,,0.6593406593406594,0.8191256341765376
2026-06-09,Business Equipment & Supplies,13.0,18.0,20.0,17.0,36.0,103.0,31.0,,,,,,,,,,,,,,,,0.7692307692307692,0.8762810768324886
2026-06-09,Capital Markets,25.0,91.0,25.0,23.0,62.0,38.0,55.0,,,,,,,,,,,,,,,,0.6883116883116883,0.733989837739717
2026-06-09,Chemicals,58.0,118.0,132.0,65.0,13.0,54.0,16.0,,,,,,,,,,,,,,,,0.5514485514485514,0.27741559563679996
2026-06-09,Coking Coal,98.0,128.0,13.0,16.0,47.0,10.0,59.0,,,,,,,,,,,,,,,,0.6363636363636364,0.7720022323510336
2026-06-09,Communication Equipment,21.0,97.0,5.0,3.0,5.0,6.0,5.0,,,,,,,,,,,,,,,,0.865134865134865,0.9860139860139859
2026-06-09,Computer Hardware,6.0,133.0,1.0,1.0,1.0,1.0,1.0,,,,,,,,,,,,,,,,0.8631368631368631,1.0
2026-06-09,Confectioners,133.0,73.0,76.0,88.0,59.0,104.0,52.0,,,,,,,,,,,,,,,,0.42257742257742253,0.8235044830192453
2026-06-09,Conglomerates,92.0,125.0,52.0,100.0,74.0,84.0,70.0,,,,,,,,,,,,,,,,0.4105894105894106,0.7089699014449677
2026-06-09,Consulting Services,124.0,106.0,71.0,132.0,132.0,142.0,134.0,,,,,,,,,,,,,,,,0.16683316683316685,0.5734265734265733
2026-06-09,Consumer Electronics,136.0,90.0,26.0,25.0,60.0,33.0,50.0,,,,,,,,,,,,,,,,0.5874125874125874,0.7586652597659105
2026-06-09,Copper,74.0,139.0,65.0,92.0,20.0,16.0,29.0,,,,,,,,,,,,,,,,0.5724275724275724,0.5594405594405596
2026-06-09,Credit Services,89.0,93.0,89.0,79.0,115.0,118.0,126.0,,,,,,,,,,,,,,,,0.2987012987012987,0.7749164064415234
2026-06-09,Department Stores,22.0,10.0,7.0,31.0,104.0,15.0,89.0,,,,,,,,,,,,,,,,0.7292707292707293,0.3880819188158422
2026-06-09,Diagnostics & Research,88.0,89.0,38.0,77.0,127.0,65.0,122.0,,,,,,,,,,,,,,,,0.4015984015984016,0.4596346434419162
2026-06-09,Discount Stores,35.0,11.0,122.0,93.0,61.0,68.0,53.0,,,,,,,,,,,,,,,,0.5644355644355644,0.6304276849867465
2026-06-09,Drug Manufacturers - General,96.0,15.0,22.0,72.0,56.0,49.0,68.0,,,,,,,,,,,,,,,,0.6293706293706294,0.6907224561189375
2026-06-09,Drug Manufacturers - Specialty & Generic,66.0,55.0,116.0,110.0,83.0,90.0,95.0,,,,,,,,,,,,,,,,0.3926073926073926,0.7870861909421213
2026-06-09,Education & Training Services,120.0,84.0,111.0,78.0,71.0,112.0,80.0,,,,,,,,,,,,,,,,0.3516483516483516,0.7412587412587412
2026-06-09,Electrical Equipment & Parts,84.0,121.0,102.0,11.0,7.0,3.0,4.0,,,,,,,,,,,,,,,,0.6753246753246753,0.3491993442907704
2026-06-09,Electronic Components,7.0,61.0,31.0,8.0,14.0,5.0,11.0,,,,,,,,,,,,,,,,0.87012987012987,0.8554966551064908
2026-06-09,Electronic Gaming & Multimedia,64.0,116.0,75.0,106.0,137.0,123.0,135.0,,,,,,,,,,,,,,,,0.2517482517482518,0.6245204543032504
2026-06-09,Electronics & Computer Distribution,38.0,58.0,4.0,2.0,4.0,18.0,3.0,,,,,,,,,,,,,,,,0.88011988011988,0.986013986013986
2026-06-09,Engineering & Construction,68.0,51.0,117.0,21.0,21.0,21.0,17.0,,,,,,,,,,,,,,,,0.6913086913086912,0.32867132867132887
2026-06-09,Entertainment,48.0,111.0,114.0,114.0,111.0,126.0,108.0,,,,,,,,,,,,,,,,0.2757242757242757,0.9790209790209791
2026-06-09,Farm & Heavy Construction Machinery,39.0,4.0,56.0,26.0,17.0,20.0,15.0,,,,,,,,,,,,,,,,0.8301698301698303,0.7526609904359806
2026-06-09,Farm Products,117.0,110.0,91.0,47.0,31.0,36.0,27.0,,,,,,,,,,,,,,,,0.5484515484515484,0.6236748518301061
2026-06-09,Financial Conglomerates,31.0,71.0,8.0,20.0,24.0,30.0,25.0,,,,,,,,,,,,,,,,0.7982017982017983,0.8991454188681401
2026-06-09,Financial Data & Stock Exchanges,119.0,119.0,125.0,123.0,118.0,122.0,123.0,,,,,,,,,,,,,,,,0.15884115884115885,0.9563286853258853
2026-06-09,Food Distribution,41.0,13.0,36.0,86.0,53.0,72.0,49.0,,,,,,,,,,,,,,,,0.6573426573426573,0.692069386625119
2026-06-09,Footwear & Accessories,23.0,115.0,43.0,126.0,135.0,133.0,136.0,,,,,,,,,,,,,,,,0.29670329670329665,0.38568911218475366
2026-06-09,"Furnishings, Fixtures & Appliances",67.0,101.0,67.0,101.0,114.0,86.0,114.0,,,,,,,,,,,,,,,,0.35764235764235763,0.7060440621400881
2026-06-09,Gambling,19.0,92.0,66.0,67.0,143.0,141.0,143.0,,,,,,,,,,,,,,,,0.33666333666333664,0.46500068668712846
2026-06-09,Gold,84.0,137.0,140.0,142.0,82.0,28.0,101.0,,,,,,,,,,,,,,,,0.2937062937062937,0.5872348373881482
2026-06-09,Grocery Stores,56.0,12.0,85.0,118.0,85.0,129.0,79.0,,,,,,,,,,,,,,,,0.4435564435564436,0.7692307692307692
2026-06-09,Health Information Services,101.0,129.0,55.0,73.0,133.0,135.0,121.0,,,,,,,,,,,,,,,,0.26073926073926074,0.5053219808719611
2026-06-09,Healthcare Plans,16.0,3.0,11.0,5.0,27.0,47.0,28.0,,,,,,,,,,,,,,,,0.8701298701298701,0.8622537370378168
2026-06-09,Home Improvement Retail,92.0,67.0,119.0,133.0,123.0,124.0,117.0,,,,,,,,,,,,,,,,0.23276723276723274,0.9126573706517707
2026-06-09,Household & Personal Products,110.0,37.0,80.0,119.0,91.0,121.0,90.0,,,,,,,,,,,,,,,,0.3596403596403596,0.7564465067514965
2026-06-09,Industrial Distribution,103.0,29.0,84.0,56.0,54.0,73.0,46.0,,,,,,,,,,,,,,,,0.5624375624375625,0.7968414119393853
2026-06-09,Information Technology Services,110.0,140.0,24.0,99.0,136.0,137.0,137.0,,,,,,,,,,,,,,,,0.2247752247752248,0.3088234146539205
2026-06-09,Insurance - Diversified,92.0,17.0,48.0,84.0,89.0,93.0,91.0,,,,,,,,,,,,,,,,0.49350649350649345,0.7290717394711816
2026-06-09,Insurance - Life,83.0,44.0,68.0,37.0,70.0,69.0,81.0,,,,,,,,,,,,,,,,0.5554445554445554,0.7758962187557754
2026-06-09,Insurance - Property & Casualty,131.0,20.0,60.0,82.0,86.0,105.0,93.0,,,,,,,,,,,,,,,,0.4305694305694306,0.8304285922659841
2026-06-09,Insurance - Reinsurance,125.0,31.0,120.0,80.0,63.0,85.0,82.0,,,,,,,,,,,,,,,,0.42157842157842157,0.6455573175531697
2026-06-09,Insurance - Specialty,125.0,54.0,118.0,102.0,116.0,114.0,119.0,,,,,,,,,,,,,,,,0.25974025974025977,0.8944079099962133
2026-06-09,Insurance Brokers,127.0,43.0,52.0,112.0,126.0,139.0,128.0,,,,,,,,,,,,,,,,0.2807192807192807,0.5238588942503721
2026-06-09,Integrated Freight & Logistics,45.0,66.0,17.0,30.0,26.0,34.0,30.0,,,,,,,,,,,,,,,,0.7592407592407593,0.9193527091281762
2026-06-09,Internet Content & Information,121.0,107.0,128.0,33.0,64.0,29.0,60.0,,,,,,,,,,,,,,,,0.46553446553446554,0.41321212039725386
2026-06-09,Internet Retail,80.0,126.0,135.0,36.0,88.0,81.0,85.0,,,,,,,,,,,,,,,,0.3766233766233766,0.40018911810569147
2026-06-09,Leisure,36.0,94.0,98.0,76.0,97.0,98.0,98.0,,,,,,,,,,,,,,,,0.4105894105894106,0.8495284280325174
2026-06-09,Lodging,81.0,21.0,19.0,27.0,28.0,37.0,35.0,,,,,,,,,,,,,,,,0.7592407592407593,0.9402517220607165
2026-06-09,Lumber & Wood Production,56.0,75.0,86.0,97.0,78.0,107.0,76.0,,,,,,,,,,,,,,,,0.4325674325674326,0.8844565619450468
2026-06-09,Luxury Goods,34.0,46.0,32.0,89.0,49.0,26.0,69.0,,,,,,,,,,,,,,,,0.6623376623376622,0.6455573175531697
2026-06-09,Marine Shipping,49.0,78.0,107.0,43.0,25.0,32.0,20.0,,,,,,,,,,,,,,,,0.6533466533466533,0.4780011858315658
2026-06-09,Medical Care Facilities,140.0,86.0,134.0,139.0,122.0,94.0,116.0,,,,,,,,,,,,,,,,0.1768231768231768,0.8941766017453038
2026-06-09,Medical Devices,76.0,27.0,51.0,135.0,138.0,132.0,139.0,,,,,,,,,,,,,,,,0.3096903096903097,0.40182192603986366
2026-06-09,Medical Distribution,97.0,9.0,27.0,137.0,101.0,77.0,109.0,,,,,,,,,,,,,,,,0.45054945054945056,0.320705765338132
2026-06-09,Medical Instruments & Supplies,73.0,38.0,104.0,124.0,128.0,127.0,130.0,,,,,,,,,,,,,,,,0.2837162837162837,0.8442583395012582
2026-06-09,Metal Fabrication,18.0,39.0,29.0,32.0,22.0,27.0,24.0,,,,,,,,,,,,,,,,0.8161838161838162,0.9378447942845064
2026-06-09,Mortgage Finance,138.0,136.0,138.0,138.0,144.0,116.0,144.0,,,,,,,,,,,,,,,,0.053946053946053944,0.958041958041958
2026-06-09,Oil & Gas Drilling,2.0,70.0,63.0,46.0,8.0,9.0,7.0,,,,,,,,,,,,,,,,0.8021978021978022,0.6589161287200784
2026-06-09,Oil & Gas E&P,19.0,57.0,45.0,75.0,30.0,43.0,23.0,,,,,,,,,,,,,,,,0.7152847152847153,0.7224736386995185
2026-06-09,Oil & Gas Equipment & Services,5.0,25.0,37.0,28.0,11.0,13.0,10.0,,,,,,,,,,,,,,,,0.8781218781218781,0.8400755716639262
2026-06-09,Oil & Gas Integrated,24.0,50.0,47.0,52.0,23.0,31.0,21.0,,,,,,,,,,,,,,,,0.7592407592407593,0.8122276701804538
2026-06-09,Oil & Gas Midstream,84.0,32.0,59.0,62.0,37.0,58.0,32.0,,,,,,,,,,,,,,,,0.6433566433566433,0.8346630710834002
2026-06-09,Oil & Gas Refining & Marketing,31.0,36.0,21.0,24.0,18.0,24.0,9.0,,,,,,,,,,,,,,,,0.8441558441558442,0.9636632697712822
2026-06-09,Other Industrial Metals & Mining,43.0,135.0,94.0,35.0,19.0,22.0,22.0,,,,,,,,,,,,,,,,0.6373626373626374,0.5215536088644106
2026-06-09,Other Precious Metals & Mining,59.0,143.0,143.0,144.0,99.0,25.0,127.0,,,,,,,,,,,,,,,,0.2677322677322677,0.6887522645556939
2026-06-09,Packaged Foods,54.0,64.0,100.0,131.0,121.0,136.0,118.0,,,,,,,,,,,,,,,,0.2837162837162837,0.808360984530843
2026-06-09,Packaging & Containers,115.0,79.0,112.0,121.0,92.0,117.0,102.0,,,,,,,,,,,,,,,,0.2697302697302697,0.8202103478016441
2026-06-09,Paper & Paper Products,87.0,69.0,130.0,141.0,125.0,128.0,125.0,,,,,,,,,,,,,,,,0.20279720279720284,0.9008570148338614
2026-06-09,Personal Services,89.0,80.0,137.0,130.0,130.0,131.0,133.0,,,,,,,,,,,,,,,,0.1778221778221778,0.951048951048951
2026-06-09,Pharmaceutical Retailers,26.0,130.0,136.0,134.0,142.0,143.0,142.0,,,,,,,,,,,,,,,,0.15484515484515485,0.9495727094340701
2026-06-09,Pollution & Treatment Controls,101.0,48.0,93.0,74.0,110.0,92.0,104.0,,,,,,,,,,,,,,,,0.38561438561438566,0.7818674970561927
2026-06-09,Publishing,142.0,75.0,78.0,49.0,32.0,56.0,42.0,,,,,,,,,,,,,,,,0.5334665334665335,0.7182764044967317
2026-06-09,Railroads,77.0,32.0,35.0,38.0,38.0,53.0,33.0,,,,,,,,,,,,,,,,0.7012987012987012,0.9790209790209791
2026-06-09,Real Estate - Development,39.0,60.0,77.0,71.0,90.0,69.0,78.0,,,,,,,,,,,,,,,,0.5234765234765235,0.8823594136974774
2026-06-09,Real Estate - Diversified,59.0,16.0,57.0,105.0,120.0,62.0,105.0,,,,,,,,,,,,,,,,0.4835164835164836,0.6013986013986014
2026-06-09,Real Estate Services,68.0,59.0,133.0,122.0,139.0,118.0,141.0,,,,,,,,,,,,,,,,0.2277722277722278,0.8955721362023211
2026-06-09,Recreational Vehicles,27.0,102.0,92.0,87.0,109.0,64.0,110.0,,,,,,,,,,,,,,,,0.41658341658341663,0.8603147947172156
2026-06-09,REIT - Diversified,105.0,56.0,83.0,83.0,68.0,95.0,66.0,,,,,,,,,,,,,,,,0.45154845154845147,0.8951048951048951
2026-06-09,REIT - Healthcare Facilities,143.0,63.0,121.0,95.0,84.0,48.0,58.0,,,,,,,,,,,,,,,,0.3956043956043956,0.7698673752181212
2026-06-09,REIT - Hotel & Motel,70.0,8.0,10.0,13.0,16.0,35.0,19.0,,,,,,,,,,,,,,,,0.8361638361638362,0.9636632697712822
2026-06-09,REIT - Industrial,89.0,24.0,61.0,54.0,51.0,63.0,43.0,,,,,,,,,,,,,,,,0.6223776223776224,0.9378447942845064
2026-06-09,REIT - Mortgage,118.0,87.0,123.0,103.0,107.0,99.0,107.0,,,,,,,,,,,,,,,,0.26373626373626374,0.8718160644767597
2026-06-09,REIT - Office,15.0,2.0,15.0,18.0,72.0,113.0,63.0,,,,,,,,,,,,,,,,0.7092907092907093,0.611463094179326
2026-06-09,REIT - Residential,114.0,22.0,46.0,51.0,65.0,106.0,77.0,,,,,,,,,,,,,,,,0.5264735264735265,0.8807082369983777
2026-06-09,REIT - Retail,99.0,30.0,54.0,63.0,48.0,60.0,45.0,,,,,,,,,,,,,,,,0.6083916083916083,0.9085545676180279
2026-06-09,REIT - Specialty,140.0,62.0,70.0,48.0,41.0,101.0,37.0,,,,,,,,,,,,,,,,0.5084915084915086,0.8167084975932706
2026-06-09,Rental & Leasing Services,14.0,5.0,18.0,19.0,34.0,44.0,36.0,,,,,,,,,,,,,,,,0.8371628371628371,0.8914393377883915
2026-06-09,Residential Construction,70.0,65.0,42.0,104.0,119.0,82.0,92.0,,,,,,,,,,,,,,,,0.43356643356643365,0.5055691839352858
2026-06-09,Resorts & Casinos,42.0,108.0,40.0,44.0,98.0,52.0,100.0,,,,,,,,,,,,,,,,0.5234765234765234,0.607643073032013
2026-06-09,Restaurants,95.0,81.0,115.0,127.0,95.0,120.0,96.0,,,,,,,,,,,,,,,,0.2787212787212788,0.8041958041958042
2026-06-09,Scientific & Technical Instruments,11.0,28.0,34.0,22.0,10.0,23.0,12.0,,,,,,,,,,,,,,,,0.867132867132867,0.8546530790851292
2026-06-09,Security & Protection Services,130.0,75.0,99.0,94.0,102.0,97.0,106.0,,,,,,,,,,,,,,,,0.3046953046953047,0.951048951048951
2026-06-09,Semiconductor Equipment & Materials,1.0,6.0,6.0,4.0,3.0,2.0,2.0,,,,,,,,,,,,,,,,0.9830169830169831,0.9814982425799679
2026-06-09,Semiconductors,4.0,127.0,23.0,6.0,12.0,8.0,13.0,,,,,,,,,,,,,,,,0.8141858141858141,0.8955721362023211
2026-06-09,Shell Companies,44.0,100.0,88.0,39.0,134.0,144.0,83.0,,,,,,,,,,,,,,,,0.3756243756243757,0.424572823016204
2026-06-09,Silver,28.0,144.0,144.0,143.0,35.0,7.0,57.0,,,,,,,,,,,,,,,,0.44955044955044954,0.2412345722646737
2026-06-09,Software - Application,51.0,138.0,58.0,98.0,140.0,140.0,140.0,,,,,,,,,,,,,,,,0.24275724275724272,0.5033487858863022
2026-06-09,Software - Infrastructure,112.0,142.0,41.0,33.0,103.0,100.0,103.0,,,,,,,,,,,,,,,,0.3736263736263737,0.5359255937612012
2026-06-09,Solar,134.0,141.0,2.0,10.0,40.0,17.0,39.0,,,,,,,,,,,,,,,,0.6243756243756244,0.7573517262531823
2026-06-09,Specialty Business Services,135.0,104.0,87.0,120.0,117.0,138.0,120.0,,,,,,,,,,,,,,,,0.18681318681318682,0.7789722988912013
2026-06-09,Specialty Chemicals,104.0,67.0,90.0,68.0,43.0,79.0,44.0,,,,,,,,,,,,,,,,0.5124875124875125,0.7151690649731987
2026-06-09,Specialty Industrial Machinery,29.0,49.0,106.0,55.0,45.0,45.0,40.0,,,,,,,,,,,,,,,,0.6383616383616385,0.6037364596781206
2026-06-09,Specialty Retail,51.0,103.0,101.0,117.0,93.0,87.0,87.0,,,,,,,,,,,,,,,,0.36863136863136864,0.8519859406397432
2026-06-09,Staffing & Employment Services,55.0,85.0,14.0,12.0,58.0,134.0,71.0,,,,,,,,,,,,,,,,0.5784215784215785,0.6850816713511132
2026-06-09,Steel,78.0,96.0,30.0,9.0,9.0,11.0,14.0,,,,,,,,,,,,,,,,0.7602397602397604,0.8531468531468531
2026-06-09,Telecom Services,63.0,122.0,124.0,129.0,87.0,110.0,86.0,,,,,,,,,,,,,,,,0.2867132867132867,0.7221214477439787
2026-06-09,Textile Manufacturing,12.0,1.0,9.0,15.0,15.0,89.0,18.0,,,,,,,,,,,,,,,,0.8481518481518482,0.958041958041958
2026-06-09,Thermal Coal,62.0,72.0,28.0,109.0,66.0,40.0,75.0,,,,,,,,,,,,,,,,0.5554445554445555,0.5091427118759329
2026-06-09,Tobacco,108.0,42.0,39.0,60.0,42.0,80.0,48.0,,,,,,,,,,,,,,,,0.5884115884115885,0.8624313596300279
2026-06-09,Tools & Accessories,37.0,14.0,74.0,59.0,33.0,41.0,38.0,,,,,,,,,,,,,,,,0.7112887112887112,0.7487378430318645
2026-06-09,Travel Services,128.0,109.0,104.0,90.0,100.0,109.0,124.0,,,,,,,,,,,,,,,,0.24375624375624377,0.9126573706517707
2026-06-09,Trucking,8.0,7.0,3.0,7.0,6.0,19.0,6.0,,,,,,,,,,,,,,,,0.951048951048951,0.974786354717035
2026-06-09,Uranium,17.0,132.0,142.0,125.0,73.0,14.0,51.0,,,,,,,,,,,,,,,,0.45354645354645357,0.5645765013690043
2026-06-09,Utilities - Diversified,131.0,47.0,79.0,85.0,76.0,57.0,72.0,,,,,,,,,,,,,,,,0.4605394605394605,0.9444947277399037
2026-06-09,Utilities - Independent Power Producers,113.0,124.0,141.0,136.0,141.0,111.0,138.0,,,,,,,,,,,,,,,,0.10389610389610392,0.965034965034965
2026-06-09,Utilities - Regulated Electric,139.0,40.0,96.0,108.0,67.0,71.0,65.0,,,,,,,,,,,,,,,,0.42157842157842157,0.7446834089016967
2026-06-09,Utilities - Regulated Gas,122.0,41.0,108.0,107.0,75.0,67.0,73.0,,,,,,,,,,,,,,,,0.4145854145854146,0.7726465985033727
2026-06-09,Utilities - Regulated Water,107.0,87.0,139.0,113.0,80.0,61.0,61.0,,,,,,,,,,,,,,,,0.3596403596403596,0.6418515237118356
2026-06-09,Utilities - Renewable,100.0,117.0,82.0,42.0,39.0,12.0,26.0,,,,,,,,,,,,,,,,0.5894105894105894,0.7092220575343805
2026-06-09,Waste Management,137.0,35.0,73.0,128.0,94.0,125.0,97.0,,,,,,,,,,,,,,,,0.3186813186813187,0.6638261442874989
2026-06-10,Advertising Agencies,129.0,131.0,48.0,61.0,139.0,86.0,140.0,,,,,,,,,,,,,,,,0.27372627372627373,0.4038692250634546
2026-06-10,Aerospace & Defense,104.0,79.0,89.0,120.0,57.0,59.0,72.0,,,,,,,,,,,,,,,,0.42757242757242764,0.6184483114488464
2026-06-10,Agricultural Inputs,76.0,117.0,130.0,130.0,46.0,101.0,53.0,,,,,,,,,,,,,,,,0.3546453546453546,0.4125874125874126
2026-06-10,Airlines,139.0,95.0,39.0,39.0,89.0,56.0,106.0,,,,,,,,,,,,,,,,0.4445554445554446,0.6503496503496504
2026-06-10,Airports & Air Services,105.0,134.0,135.0,131.0,133.0,108.0,135.0,,,,,,,,,,,,,,,,0.12687312687312688,0.9757755131808549
2026-06-10,Aluminum,143.0,141.0,81.0,46.0,4.0,4.0,13.0,,,,,,,,,,,,,,,,0.5754245754245755,0.5330367545511454
2026-06-10,Apparel Manufacturing,107.0,73.0,41.0,44.0,70.0,48.0,59.0,,,,,,,,,,,,,,,,0.5654345654345654,0.8068359815813548
2026-06-10,Apparel Retail,34.0,36.0,9.0,55.0,60.0,46.0,58.0,,,,,,,,,,,,,,,,0.7092907092907094,0.6594901028268574
2026-06-10,Asset Management,72.0,41.0,106.0,34.0,106.0,100.0,110.0,,,,,,,,,,,,,,,,0.43856143856143864,0.49650349650349657
2026-06-10,Auto & Truck Dealerships,91.0,17.0,111.0,42.0,128.0,139.0,124.0,,,,,,,,,,,,,,,,0.3556443556443557,0.4483496944958566
2026-06-10,Auto Manufacturers,124.0,127.0,133.0,121.0,124.0,64.0,126.0,,,,,,,,,,,,,,,,0.1888111888111888,0.9243590641511051
2026-06-10,Auto Parts,85.0,106.0,95.0,74.0,85.0,78.0,61.0,,,,,,,,,,,,,,,,0.4235764235764236,0.8727733888205577
2026-06-10,Banks - Diversified,70.0,60.0,31.0,23.0,55.0,37.0,62.0,,,,,,,,,,,,,,,,0.6693306693306693,0.7982908377362804
2026-06-10,Banks - Regional,46.0,30.0,54.0,59.0,80.0,70.0,84.0,,,,,,,,,,,,,,,,0.5844155844155843,0.8328978581070138
2026-06-10,Beverages - Brewers,40.0,48.0,77.0,41.0,27.0,75.0,29.0,,,,,,,,,,,,,,,,0.6703296703296704,0.6875761132351235
2026-06-10,Beverages - Non-Alcoholic,10.0,21.0,43.0,70.0,49.0,62.0,46.0,,,,,,,,,,,,,,,,0.7062937062937061,0.8282793124782004
2026-06-10,Beverages - Wineries & Distilleries,60.0,28.0,99.0,66.0,120.0,130.0,98.0,,,,,,,,,,,,,,,,0.4065934065934066,0.6702888046398243
2026-06-10,Biotechnology,93.0,84.0,114.0,102.0,97.0,42.0,90.0,,,,,,,,,,,,,,,,0.3856143856143856,0.8941766017453039
2026-06-10,Broadcasting,112.0,105.0,132.0,138.0,129.0,119.0,130.0,,,,,,,,,,,,,,,,0.14285714285714285,0.9444947277399037
2026-06-10,Building Materials,115.0,111.0,118.0,97.0,116.0,87.0,114.0,,,,,,,,,,,,,,,,0.24975024975024973,0.8596163643364705
2026-06-10,Building Products & Equipment,135.0,108.0,97.0,56.0,48.0,85.0,47.0,,,,,,,,,,,,,,,,0.43156843156843155,0.6816069248158823
2026-06-10,Business Equipment & Supplies,57.0,43.0,22.0,19.0,33.0,109.0,31.0,,,,,,,,,,,,,,,,0.6933066933066933,0.9107192633929811
2026-06-10,Capital Markets,81.0,93.0,53.0,17.0,78.0,40.0,65.0,,,,,,,,,,,,,,,,0.5804195804195805,0.6285798118912028
2026-06-10,Chemicals,18.0,114.0,136.0,80.0,9.0,60.0,10.0,,,,,,,,,,,,,,,,0.5804195804195805,0.2290863925756753
2026-06-10,Coking Coal,44.0,130.0,22.0,37.0,45.0,10.0,79.0,,,,,,,,,,,,,,,,0.6403596403596403,0.8585751859010022
2026-06-10,Communication Equipment,77.0,133.0,29.0,5.0,6.0,6.0,7.0,,,,,,,,,,,,,,,,0.7442557442557443,0.8355527829887435
2026-06-10,Computer Hardware,111.0,137.0,26.0,1.0,1.0,1.0,1.0,,,,,,,,,,,,,,,,0.7292707292707293,0.8251748251748252
2026-06-10,Confectioners,13.0,39.0,57.0,53.0,50.0,97.0,43.0,,,,,,,,,,,,,,,,0.6553446553446554,0.9574631990888237
2026-06-10,Conglomerates,108.0,109.0,73.0,119.0,79.0,84.0,74.0,,,,,,,,,,,,,,,,0.36163836163836166,0.6971131772348571
2026-06-10,Consulting Services,48.0,68.0,42.0,126.0,130.0,141.0,132.0,,,,,,,,,,,,,,,,0.32067932067932065,0.3981137121300695
2026-06-10,Consumer Electronics,39.0,121.0,74.0,22.0,75.0,33.0,57.0,,,,,,,,,,,,,,,,0.5864135864135864,0.6328171862146832
2026-06-10,Copper,126.0,138.0,122.0,118.0,24.0,14.0,32.0,,,,,,,,,,,,,,,,0.4335664335664336,0.32823440791480696
2026-06-10,Credit Services,82.0,33.0,83.0,77.0,118.0,120.0,123.0,,,,,,,,,,,,,,,,0.3716283716283716,0.7317928823669216
2026-06-10,Department Stores,58.0,74.0,3.0,24.0,110.0,16.0,94.0,,,,,,,,,,,,,,,,0.6283716283716284,0.3132952587659441
2026-06-10,Diagnostics & Research,100.0,59.0,10.0,67.0,122.0,71.0,119.0,,,,,,,,,,,,,,,,0.4595404595404595,0.3216783216783218
2026-06-10,Discount Stores,21.0,38.0,105.0,96.0,64.0,65.0,52.0,,,,,,,,,,,,,,,,0.5664335664335665,0.7390005929157828
2026-06-10,Drug Manufacturers - General,62.0,23.0,19.0,84.0,58.0,49.0,67.0,,,,,,,,,,,,,,,,0.6453546453546454,0.6037364596781206
2026-06-10,Drug Manufacturers - Specialty & Generic,75.0,42.0,88.0,112.0,83.0,90.0,95.0,,,,,,,,,,,,,,,,0.42257742257742253,0.8122276701804538
2026-06-10,Education & Training Services,11.0,56.0,91.0,75.0,67.0,103.0,78.0,,,,,,,,,,,,,,,,0.5264735264735264,0.8519859406397432
2026-06-10,Electrical Equipment & Parts,142.0,139.0,139.0,16.0,8.0,3.0,4.0,,,,,,,,,,,,,,,,0.5564435564435565,0.11056758050301185
2026-06-10,Electronic Components,120.0,129.0,92.0,10.0,17.0,5.0,12.0,,,,,,,,,,,,,,,,0.6223776223776224,0.4494144861699385
2026-06-10,Electronic Gaming & Multimedia,26.0,81.0,51.0,99.0,135.0,123.0,131.0,,,,,,,,,,,,,,,,0.3616383616383616,0.4895583890658838
2026-06-10,Electronics & Computer Distribution,74.0,110.0,7.0,2.0,3.0,15.0,3.0,,,,,,,,,,,,,,,,0.7932067932067932,0.9679540161191899
2026-06-10,Engineering & Construction,136.0,124.0,137.0,26.0,26.0,20.0,19.0,,,,,,,,,,,,,,,,0.5194805194805195,0.22377622377622386
2026-06-10,Entertainment,37.0,70.0,101.0,114.0,105.0,126.0,109.0,,,,,,,,,,,,,,,,0.34565434565434566,0.9193527091281762
2026-06-10,Farm & Heavy Construction Machinery,141.0,119.0,119.0,32.0,21.0,21.0,16.0,,,,,,,,,,,,,,,,0.5384615384615384,0.34972554762138786
2026-06-10,Farm Products,20.0,100.0,97.0,54.0,29.0,34.0,26.0,,,,,,,,,,,,,,,,0.6473526473526473,0.5834022095494691
2026-06-10,Financial Conglomerates,79.0,104.0,38.0,14.0,22.0,27.0,25.0,,,,,,,,,,,,,,,,0.6983016983016983,0.8519859406397432
2026-06-10,Financial Data & Stock Exchanges,36.0,55.0,116.0,106.0,114.0,121.0,117.0,,,,,,,,,,,,,,,,0.34265734265734266,0.9359080322383799
2026-06-10,Food Distribution,9.0,9.0,17.0,83.0,44.0,66.0,42.0,,,,,,,,,,,,,,,,0.7372627372627373,0.5980997749510206
2026-06-10,Footwear & Accessories,82.0,51.0,13.0,123.0,132.0,131.0,133.0,,,,,,,,,,,,,,,,0.3426573426573426,0.19744771163574226
2026-06-10,"Furnishings, Fixtures & Appliances",95.0,32.0,15.0,86.0,103.0,83.0,107.0,,,,,,,,,,,,,,,,0.48651348651348647,0.4346033837567229
2026-06-10,Gambling,2.0,1.0,6.0,30.0,142.0,140.0,142.0,,,,,,,,,,,,,,,,0.5444555444555444,0.12077014570619826
2026-06-10,Gold,140.0,136.0,141.0,141.0,94.0,30.0,118.0,,,,,,,,,,,,,,,,0.2077922077922078,0.6713286713286715
2026-06-10,Grocery Stores,7.0,10.0,61.0,109.0,84.0,127.0,76.0,,,,,,,,,,,,,,,,0.5334665334665334,0.7092220575343806
2026-06-10,Health Information Services,67.0,97.0,33.0,64.0,131.0,135.0,121.0,,,,,,,,,,,,,,,,0.3596403596403596,0.39329870694422453
2026-06-10,Healthcare Plans,86.0,3.0,16.0,3.0,25.0,47.0,28.0,,,,,,,,,,,,,,,,0.7992007992007991,0.866033258317007
2026-06-10,Home Improvement Retail,60.0,40.0,70.0,129.0,117.0,117.0,108.0,,,,,,,,,,,,,,,,0.3666333666333666,0.6223128778631951
2026-06-10,Household & Personal Products,27.0,6.0,35.0,104.0,72.0,116.0,81.0,,,,,,,,,,,,,,,,0.5664335664335663,0.5817620544250162
2026-06-10,Industrial Distribution,113.0,86.0,84.0,58.0,56.0,79.0,48.0,,,,,,,,,,,,,,,,0.4835164835164835,0.8108007096717667
2026-06-10,Information Technology Services,102.0,123.0,25.0,110.0,138.0,138.0,138.0,,,,,,,,,,,,,,,,0.2337662337662337,0.287227663872048
2026-06-10,Insurance - Diversified,50.0,47.0,64.0,91.0,91.0,94.0,93.0,,,,,,,,,,,,,,,,0.47752247752247756,0.8111888111888111
2026-06-10,Insurance - Life,18.0,33.0,67.0,28.0,69.0,72.0,80.0,,,,,,,,,,,,,,,,0.6403596403596403,0.7200176053263273
2026-06-10,Insurance - Property & Casualty,15.0,13.0,46.0,73.0,81.0,96.0,89.0,,,,,,,,,,,,,,,,0.5944055944055944,0.7778688087514882
2026-06-10,Insurance - Reinsurance,5.0,8.0,93.0,65.0,52.0,80.0,75.0,,,,,,,,,,,,,,,,0.6293706293706293,0.7462203173199433
2026-06-10,Insurance - Specialty,28.0,16.0,84.0,82.0,103.0,107.0,115.0,,,,,,,,,,,,,,,,0.4725274725274725,0.8596163643364705
2026-06-10,Insurance Brokers,23.0,5.0,24.0,85.0,113.0,136.0,122.0,,,,,,,,,,,,,,,,0.49950049950049946,0.44879310772199854
2026-06-10,Integrated Freight & Logistics,122.0,92.0,28.0,31.0,31.0,35.0,34.0,,,,,,,,,,,,,,,,0.6343656343656344,0.9790209790209791
2026-06-10,Internet Content & Information,100.0,102.0,124.0,43.0,76.0,31.0,68.0,,,,,,,,,,,,,,,,0.46353646353646355,0.5066583489662303
2026-06-10,Internet Retail,108.0,113.0,134.0,51.0,95.0,91.0,96.0,,,,,,,,,,,,,,,,0.3196803196803197,0.49703796821394386
2026-06-10,Leisure,69.0,57.0,78.0,76.0,96.0,99.0,97.0,,,,,,,,,,,,,,,,0.4355644355644356,0.8665819298717559
2026-06-10,Lodging,88.0,54.0,21.0,18.0,28.0,38.0,36.0,,,,,,,,,,,,,,,,0.7242757242757243,0.9378447942845063
2026-06-10,Lumber & Wood Production,103.0,82.0,52.0,89.0,77.0,106.0,70.0,,,,,,,,,,,,,,,,0.42857142857142855,0.7713596821780166
2026-06-10,Luxury Goods,116.0,62.0,30.0,93.0,53.0,24.0,66.0,,,,,,,,,,,,,,,,0.5634365634365635,0.613861882733468
2026-06-10,Marine Shipping,63.0,75.0,113.0,38.0,23.0,28.0,18.0,,,,,,,,,,,,,,,,0.6493506493506495,0.41596877312971803
2026-06-10,Medical Care Facilities,66.0,50.0,121.0,137.0,119.0,88.0,112.0,,,,,,,,,,,,,,,,0.3146853146853147,0.8805034441214332
2026-06-10,Medical Devices,106.0,45.0,27.0,133.0,136.0,132.0,137.0,,,,,,,,,,,,,,,,0.2917082917082917,0.24803223240787686
2026-06-10,Medical Distribution,32.0,4.0,8.0,134.0,93.0,68.0,100.0,,,,,,,,,,,,,,,,0.5684315684315685,0.22157434455730074
2026-06-10,Medical Instruments & Supplies,99.0,26.0,55.0,127.0,127.0,124.0,129.0,,,,,,,,,,,,,,,,0.32067932067932076,0.49650349650349657
2026-06-10,Metal Fabrication,87.0,44.0,14.0,20.0,15.0,23.0,22.0,,,,,,,,,,,,,,,,0.7822177822177823,0.9610645848753145
2026-06-10,Mortgage Finance,130.0,101.0,138.0,136.0,143.0,114.0,143.0,,,,,,,,,,,,,,,,0.1028971028971029,0.9563286853258853
2026-06-10,Oil & Gas Drilling,3.0,96.0,123.0,81.0,7.0,11.0,6.0,,,,,,,,,,,,,,,,0.6803196803196803,0.2886355258165305
2026-06-10,Oil & Gas E&P,4.0,99.0,66.0,87.0,30.0,44.0,23.0,,,,,,,,,,,,,,,,0.6543456543456543,0.650839503977065
2026-06-10,Oil & Gas Equipment & Services,42.0,97.0,86.0,27.0,11.0,12.0,9.0,,,,,,,,,,,,,,,,0.7232767232767233,0.5215536088644106
2026-06-10,Oil & Gas Integrated,16.0,87.0,75.0,69.0,16.0,29.0,20.0,,,,,,,,,,,,,,,,0.6953046953046952,0.6067094072548569
2026-06-10,Oil & Gas Midstream,13.0,53.0,56.0,62.0,32.0,51.0,27.0,,,,,,,,,,,,,,,,0.7132867132867133,0.8077240967151396
2026-06-10,Oil & Gas Refining & Marketing,6.0,88.0,50.0,29.0,14.0,18.0,8.0,,,,,,,,,,,,,,,,0.7942057942057942,0.7809725907221563
2026-06-10,Other Industrial Metals & Mining,96.0,128.0,128.0,47.0,18.0,17.0,24.0,,,,,,,,,,,,,,,,0.5494505494505495,0.30946047651985187
2026-06-10,Other Precious Metals & Mining,120.0,140.0,143.0,142.0,112.0,25.0,134.0,,,,,,,,,,,,,,,,0.1918081918081918,0.786627324442065
2026-06-10,Packaged Foods,12.0,11.0,45.0,117.0,109.0,134.0,111.0,,,,,,,,,,,,,,,,0.4685314685314686,0.5220137764857326
2026-06-10,Packaging & Containers,119.0,90.0,102.0,125.0,92.0,122.0,104.0,,,,,,,,,,,,,,,,0.2537462537462537,0.7950440434999603
2026-06-10,Paper & Paper Products,92.0,77.0,125.0,140.0,125.0,129.0,125.0,,,,,,,,,,,,,,,,0.19480519480519481,0.8951048951048951
2026-06-10,Personal Services,24.0,14.0,117.0,124.0,126.0,128.0,127.0,,,,,,,,,,,,,,,,0.3476523476523477,0.9427597708260668
2026-06-10,Pharmaceutical Retailers,55.0,93.0,131.0,144.0,144.0,144.0,144.0,,,,,,,,,,,,,,,,0.15284715284715286,0.9090909090909091
2026-06-10,Pollution & Treatment Controls,127.0,89.0,96.0,68.0,100.0,89.0,102.0,,,,,,,,,,,,,,,,0.33666333666333664,0.7888158199924267
2026-06-10,Publishing,56.0,78.0,71.0,52.0,34.0,55.0,45.0,,,,,,,,,,,,,,,,0.6163836163836164,0.7758962187557754
2026-06-10,Railroads,80.0,67.0,47.0,33.0,40.0,53.0,33.0,,,,,,,,,,,,,,,,0.6543456543456544,0.915214296132992
2026-06-10,Real Estate - Development,68.0,66.0,87.0,79.0,90.0,73.0,77.0,,,,,,,,,,,,,,,,0.4675324675324675,0.9311268685189084
2026-06-10,Real Estate - Diversified,82.0,37.0,58.0,98.0,107.0,63.0,101.0,,,,,,,,,,,,,,,,0.46153846153846156,0.6840739301237339
2026-06-10,Real Estate Services,50.0,35.0,120.0,111.0,134.0,115.0,136.0,,,,,,,,,,,,,,,,0.30669330669330674,0.8596163643364705
2026-06-10,Recreational Vehicles,132.0,112.0,110.0,101.0,121.0,76.0,116.0,,,,,,,,,,,,,,,,0.23976023976023977,0.8786758631265912
2026-06-10,REIT - Diversified,29.0,20.0,62.0,60.0,61.0,92.0,54.0,,,,,,,,,,,,,,,,0.6293706293706294,0.9878877565904275
2026-06-10,REIT - Healthcare Facilities,21.0,15.0,100.0,78.0,71.0,39.0,49.0,,,,,,,,,,,,,,,,0.6343656343656344,0.8167084975932706
2026-06-10,REIT - Hotel & Motel,71.0,31.0,5.0,11.0,12.0,36.0,17.0,,,,,,,,,,,,,,,,0.8241758241758241,0.9541437865433428
2026-06-10,REIT - Industrial,45.0,18.0,49.0,35.0,42.0,61.0,39.0,,,,,,,,,,,,,,,,0.7182817182817182,0.9152142961329921
2026-06-10,REIT - Mortgage,73.0,63.0,107.0,105.0,102.0,98.0,104.0,,,,,,,,,,,,,,,,0.35564435564435565,0.9695181892060093
2026-06-10,REIT - Office,52.0,2.0,4.0,12.0,54.0,111.0,50.0,,,,,,,,,,,,,,,,0.7222777222777222,0.6746936125982376
2026-06-10,REIT - Residential,41.0,24.0,44.0,36.0,63.0,104.0,69.0,,,,,,,,,,,,,,,,0.6263736263736265,0.8320222076997998
2026-06-10,REIT - Retail,29.0,12.0,34.0,50.0,41.0,57.0,40.0,,,,,,,,,,,,,,,,0.7442557442557444,0.9028500420318195
2026-06-10,REIT - Specialty,52.0,64.0,79.0,49.0,43.0,95.0,35.0,,,,,,,,,,,,,,,,0.5904095904095904,0.7663875092518873
2026-06-10,Rental & Leasing Services,118.0,46.0,18.0,13.0,35.0,45.0,37.0,,,,,,,,,,,,,,,,0.6953046953046952,0.8603147947172155
2026-06-10,Residential Construction,117.0,57.0,36.0,94.0,108.0,81.0,92.0,,,,,,,,,,,,,,,,0.42257742257742253,0.5376146781869502
2026-06-10,Resorts & Casinos,48.0,69.0,20.0,57.0,101.0,54.0,99.0,,,,,,,,,,,,,,,,0.5594405594405595,0.5088439248208987
2026-06-10,Restaurants,25.0,25.0,80.0,122.0,88.0,113.0,86.0,,,,,,,,,,,,,,,,0.4685314685314685,0.7298852039744341
2026-06-10,Scientific & Technical Instruments,96.0,125.0,115.0,21.0,13.0,22.0,14.0,,,,,,,,,,,,,,,,0.6013986013986015,0.3129748760383142
2026-06-10,Security & Protection Services,47.0,72.0,65.0,92.0,98.0,93.0,103.0,,,,,,,,,,,,,,,,0.43756243756243757,0.7870861909421214
2026-06-10,Semiconductor Equipment & Materials,90.0,103.0,11.0,4.0,2.0,2.0,2.0,,,,,,,,,,,,,,,,0.7932067932067933,0.9427597708260668
2026-06-10,Semiconductors,128.0,135.0,109.0,8.0,20.0,7.0,15.0,,,,,,,,,,,,,,,,0.5854145854145854,0.33170118452658715
2026-06-10,Shell Companies,54.0,91.0,112.0,45.0,137.0,143.0,88.0,,,,,,,,,,,,,,,,0.33766233766233766,0.42380847398281085
2026-06-10,Silver,133.0,142.0,144.0,143.0,47.0,8.0,87.0,,,,,,,,,,,,,,,,0.3036963036963037,0.3251476508243223
2026-06-10,Software - Application,89.0,116.0,76.0,107.0,140.0,142.0,141.0,,,,,,,,,,,,,,,,0.19680319680319677,0.6123451314255889
2026-06-10,Software - Infrastructure,78.0,126.0,72.0,48.0,123.0,110.0,113.0,,,,,,,,,,,,,,,,0.33766233766233766,0.536083684178406
2026-06-10,Solar,138.0,144.0,69.0,25.0,66.0,26.0,63.0,,,,,,,,,,,,,,,,0.47652347652347654,0.7022423936217654
2026-06-10,Specialty Business Services,65.0,49.0,63.0,113.0,115.0,137.0,119.0,,,,,,,,,,,,,,,,0.3466533466533467,0.6431510259532007
2026-06-10,Specialty Chemicals,94.0,85.0,103.0,72.0,36.0,81.0,43.0,,,,,,,,,,,,,,,,0.49350649350649345,0.5938633959235916
2026-06-10,Specialty Industrial Machinery,134.0,115.0,127.0,88.0,59.0,50.0,51.0,,,,,,,,,,,,,,,,0.3836163836163836,0.5867020459919663
2026-06-10,Specialty Retail,1.0,29.0,40.0,95.0,86.0,77.0,73.0,,,,,,,,,,,,,,,,0.6063936063936064,0.6426717121387072
2026-06-10,Staffing & Employment Services,35.0,7.0,2.0,6.0,51.0,133.0,60.0,,,,,,,,,,,,,,,,0.7132867132867132,0.6704371561413096
2026-06-10,Steel,98.0,120.0,58.0,9.0,10.0,9.0,11.0,,,,,,,,,,,,,,,,0.6923076923076924,0.6607850955067159
2026-06-10,Telecom Services,17.0,80.0,108.0,128.0,82.0,105.0,82.0,,,,,,,,,,,,,,,,0.40559440559440557,0.7206295894344311
2026-06-10,Textile Manufacturing,125.0,19.0,12.0,15.0,19.0,102.0,21.0,,,,,,,,,,,,,,,,0.6943056943056943,0.9574631990888236
2026-06-10,Thermal Coal,64.0,118.0,36.0,132.0,73.0,43.0,83.0,,,,,,,,,,,,,,,,0.45854145854145856,0.41354556999349656
2026-06-10,Tobacco,7.0,22.0,60.0,40.0,37.0,74.0,41.0,,,,,,,,,,,,,,,,0.7262737262737262,0.8485565886174286
2026-06-10,Tools & Accessories,110.0,83.0,90.0,71.0,39.0,41.0,38.0,,,,,,,,,,,,,,,,0.5354645354645354,0.6878109890132907
2026-06-10,Travel Services,114.0,107.0,68.0,100.0,111.0,112.0,128.0,,,,,,,,,,,,,,,,0.2677322677322677,0.7294329773125441
2026-06-10,Trucking,131.0,71.0,1.0,7.0,5.0,19.0,5.0,,,,,,,,,,,,,,,,0.7682317682317682,0.9629964851599357
2026-06-10,Uranium,144.0,143.0,142.0,139.0,99.0,32.0,91.0,,,,,,,,,,,,,,,,0.21778221778221776,0.7092220575343806
2026-06-10,Utilities - Diversified,43.0,65.0,82.0,90.0,68.0,52.0,64.0,,,,,,,,,,,,,,,,0.5434565434565435,0.8651237655805182
2026-06-10,Utilities - Independent Power Producers,136.0,132.0,140.0,135.0,141.0,125.0,139.0,,,,,,,,,,,,,,,,0.059940059940059943,0.9610645848753145
2026-06-10,Utilities - Regulated Electric,37.0,52.0,94.0,103.0,62.0,67.0,56.0,,,,,,,,,,,,,,,,0.5364635364635364,0.7390005929157829
2026-06-10,Utilities - Regulated Gas,32.0,61.0,104.0,108.0,74.0,69.0,71.0,,,,,,,,,,,,,,,,0.48851148851148857,0.7749164064415234
2026-06-10,Utilities - Regulated Water,58.0,75.0,129.0,115.0,65.0,58.0,55.0,,,,,,,,,,,,,,,,0.4525474525474525,0.5924810549836794
2026-06-10,Utilities - Renewable,123.0,122.0,126.0,63.0,38.0,13.0,30.0,,,,,,,,,,,,,,,,0.4925074925074925,0.4507483785773724
2026-06-10,Waste Management,31.0,27.0,32.0,116.0,87.0,118.0,85.0,,,,,,,,,,,,,,,,0.5114885114885115,0.48322671924916594
