date,session,collected_at,ticker,group,list_category,trigger,stop,atr,price,open,high,low,change,status,atr_from_lod,reclaim_ref,reclaim_ref_value,RSI,Volatility W,Volatility M,Rel Volume,52W High,Price,SMA20,SMA50,ATR
2026-09-30,morning,2026-09-30T14:08:31Z,AAPL,Consumer Electronics,leaders,337.08,328.7,7.04,338.77,330.8,339.16,330.56,2.84,triggered,1.166193181818179,,,58.99,1.88%,2.20%,1.15,-1.90%,338.77,2.15%,5.14%,7.23
2026-09-30,morning,2026-09-30T14:08:31Z,ABBV,Drug Manufacturers - General,leaders,268.93,261.52,5.32,263.26,264.6,265.16,262.89,-0.01,setting_up,0.06954887218045198,,,54.91,1.93%,1.95%,0.38,-2.27%,263.26,0.82%,2.19%,5.10
2026-09-30,morning,2026-09-30T14:08:31Z,ADI,Semiconductors,leaders,405.38,395.74,11.09,397.23,397.59,399.48,396.15,-0.25,setting_up,0.09738503155996762,,,63.66,2.60%,2.51%,0.31,-10.92%,397.23,6.05%,6.10%,10.53
2026-09-30,morning,2026-09-30T14:08:31Z,AMAT,Semiconductor Equipment & Materials,rs_new_high,513.28,499.17,20.26,511.22,513.82,515.42,507.5,-0.15,gapped_through,0.1836130306021731,,,62.68,2.94%,3.21%,0.66,-30.89%,511.22,11.33%,4.75%,19.38
2026-09-30,morning,2026-09-30T14:08:31Z,AME,Specialty Industrial Machinery,emerging,254.19,249.59,5.06,252.7,252.0,253.9,251.06,0.77,setting_up,0.32411067193675624,,,64.53,1.86%,1.90%,0.76,-3.24%,252.70,4.98%,3.79%,4.92
2026-09-30,morning,2026-09-30T14:08:31Z,AMGN,Drug Manufacturers - General,leaders,424.57,414.11,10.42,423.34,423.81,426.59,422.1,-0.07,failed_breakout,0.11900191938579197,,,60.48,2.31%,2.28%,0.40,-5.30%,423.34,5.01%,3.74%,10.00
2026-09-30,morning,2026-09-30T14:08:31Z,AMKR,Semiconductor Equipment & Materials,rs_new_high,55.13,53.91,2.7,53.38,54.43,54.74,53.3,-1.4,invalidated,0.02962962962963163,,,53.65,3.49%,3.94%,0.46,-44.79%,53.38,5.67%,2.25%,2.61
2026-09-30,morning,2026-09-30T14:08:31Z,ANET,Computer Hardware,accel,207.48,201.35,7.38,204.81,204.24,207.43,203.71,0.96,setting_up,0.14905149051490438,,,57.64,3.07%,3.25%,0.58,-4.69%,204.81,3.34%,6.54%,7.18
2026-09-30,morning,2026-09-30T14:08:31Z,APH,Electronic Components,rs_new_high,86.22,83.71,2.81,84.93,85.26,85.8,84.28,0.7,setting_up,0.23131672597864972,,,59.71,3.11%,3.09%,0.75,-4.85%,84.93,4.31%,5.04%,2.72
2026-09-30,morning,2026-09-30T14:08:31Z,ARM,Semiconductors,leaders,301.0,287.06,19.68,289.68,294.01,295.99,288.37,-1.36,setting_up,0.06656504065040662,,,53.46,6.21%,5.24%,1.08,-36.01%,289.68,5.12%,9.26%,18.82
2026-09-30,morning,2026-09-30T14:08:31Z,ARW,Electronics & Computer Distribution,leaders,233.07,226.91,7.4,227.93,227.11,232.51,228.61,-1.0,setting_up,-0.09189189189189281,,,59.44,3.06%,3.12%,1.86,-3.96%,227.93,3.65%,6.17%,7.15
2026-09-30,morning,2026-09-30T14:08:31Z,ASML,Semiconductor Equipment & Materials,rs_new_high,1841.77,1800.4,53.4,1824.24,1828.3,1830.0,1818.0,-0.55,setting_up,0.11685393258426983,,,61.71,2.30%,2.38%,1.10,-8.79%,1824.24,6.99%,6.04%,50.75
2026-09-30,morning,2026-09-30T14:08:31Z,AVGO,,watchlist,361.86,354.0,10.88,355.3,357.04,357.9,354.2,0.06,setting_up,0.10110294117647267,,,46.11,1.99%,2.32%,0.73,-28.22%,355.30,-0.08%,-5.28%,10.37
2026-09-30,morning,2026-09-30T14:08:31Z,AVT,Electronics & Computer Distribution,leaders,103.0,99.52,3.7,101.36,102.39,103.9,101.32,-1.11,failed_breakout,0.010810810810812501,,,61.73,3.85%,3.59%,1.41,-3.07%,101.36,5.55%,8.82%,3.62
2026-09-30,morning,2026-09-30T14:08:31Z,BE,,watchlist,302.35,271.2,21.31,288.63,296.06,300.35,286.73,-0.9,setting_up,0.0891600187705292,,,59.32,8.83%,6.81%,1.35,-17.83%,288.63,8.06%,23.47%,20.76
2026-09-30,morning,2026-09-30T14:08:31Z,BIIB,Drug Manufacturers - General,leaders,229.41,224.45,5.67,226.24,227.42,227.67,225.64,-0.36,setting_up,0.10582010582010982,,,59.55,2.35%,2.54%,0.91,-1.84%,226.24,2.47%,5.52%,5.41
2026-09-30,morning,2026-09-30T14:08:31Z,BLLN,Diagnostics & Research,all_green,124.6,118.0,6.71,112.89,118.48,118.48,112.6,-4.48,invalidated,0.043219076005962184,,,53.99,6.23%,5.89%,1.17,-24.96%,112.89,4.97%,3.91%,6.65
2026-09-30,morning,2026-09-30T14:08:31Z,CAMT,Semiconductor Equipment & Materials,rs_new_high,154.46,148.19,7.65,154.74,157.27,158.43,154.47,1.26,gapped_through,0.03529411764706016,,,57.06,3.96%,3.99%,1.13,-28.36%,154.74,6.89%,4.97%,7.50
2026-09-30,morning,2026-09-30T14:08:31Z,CRL,Diagnostics & Research,all_green,298.2,289.38,10.0,295.77,296.97,297.34,293.65,-0.07,setting_up,0.21200000000000047,,,61.53,4.30%,3.27%,0.47,-2.49%,295.77,4.18%,8.14%,9.55
2026-09-30,morning,2026-09-30T14:08:31Z,DBX,,watchlist,32.72,31.44,1.28,33.41,32.49,33.69,32.54,2.17,triggered,0.679687499999998,,,45.23,3.20%,3.44%,0.53,-12.47%,33.41,-4.26%,-2.00%,1.27
2026-09-30,morning,2026-09-30T14:08:31Z,DDS,Department Stores,all_green,684.61,672.45,21.57,685.3,681.05,697.71,680.62,1.15,triggered,0.21696801112656236,,,66.22,2.63%,3.25%,0.86,-3.67%,685.30,5.44%,9.68%,21.48
2026-09-30,morning,2026-09-30T14:08:31Z,DELL,Computer Hardware,accel,551.39,536.58,30.11,542.62,546.06,553.48,537.67,0.56,failed_breakout,0.16439721022916126,,,54.20,4.34%,5.94%,1.24,-8.88%,542.62,-0.18%,11.98%,29.09
2026-09-30,morning,2026-09-30T14:08:31Z,DHR,Diagnostics & Research,all_green,227.65,223.51,5.68,224.51,223.86,225.99,224.02,-0.71,setting_up,0.08626760563379941,,,65.65,2.25%,2.57%,0.49,-7.53%,224.51,5.18%,8.06%,5.42
2026-09-30,morning,2026-09-30T14:08:31Z,DINO,Oil & Gas Refining & Marketing,all_green,106.55,103.36,4.54,107.03,106.22,108.94,107.06,1.36,triggered,-0.006607929515418752,,,55.44,4.37%,4.31%,0.37,-9.60%,107.03,-1.30%,8.72%,4.45
2026-09-30,morning,2026-09-30T14:08:31Z,DOCN,Software - Infrastructure,leaders,143.06,134.82,9.28,135.55,134.85,137.96,134.82,0.4,setting_up,0.07866379310345024,,,54.97,5.47%,7.07%,0.36,-27.71%,135.55,4.81%,8.74%,8.85
2026-09-30,morning,2026-09-30T14:08:31Z,EMR,Specialty Industrial Machinery,emerging,160.29,156.24,3.69,157.52,158.25,158.28,156.74,0.18,setting_up,0.21138211382113853,,,58.12,2.27%,2.21%,0.49,-5.31%,157.52,3.55%,2.30%,3.54
2026-09-30,morning,2026-09-30T14:08:31Z,ENTG,Semiconductor Equipment & Materials,rs_new_high,156.65,152.6,6.8,153.65,156.08,156.08,153.6,-0.72,setting_up,0.00735294117647226,,,60.07,3.50%,3.66%,0.22,-17.81%,153.65,8.48%,9.38%,6.50
2026-09-30,morning,2026-09-30T14:08:31Z,ETN,Specialty Industrial Machinery,emerging,437.05,430.56,13.92,431.95,433.27,434.75,430.85,-0.3,setting_up,0.07902298850574467,,,54.76,2.63%,2.72%,0.61,-9.63%,431.95,3.07%,2.61%,13.20
2026-09-30,morning,2026-09-30T14:08:31Z,FFIV,Software - Infrastructure,leaders,441.95,428.93,13.89,442.71,440.0,448.77,440.0,1.06,triggered,0.19510439164866664,,,60.04,2.89%,3.32%,0.34,-4.18%,442.71,4.46%,8.19%,13.66
2026-09-30,morning,2026-09-30T14:08:31Z,FIX,Engineering & Construction,rs_new_high,1712.6,1642.64,71.79,1659.18,1666.36,1667.15,1640.56,-0.35,reclaim,0.25936759994428354,prior_low,1642.64,52.76,3.77%,3.77%,0.43,-20.00%,1659.18,2.30%,-0.12%,68.56
2026-09-30,morning,2026-09-30T14:08:31Z,FPS,,watchlist,38.63,36.67,2.4,37.67,37.86,37.99,36.89,1.28,setting_up,0.3250000000000005,,,55.19,5.45%,6.11%,0.70,-42.92%,37.67,8.64%,7.79%,2.30
2026-09-30,morning,2026-09-30T14:08:31Z,FTNT,Software - Infrastructure,leaders,176.65,172.42,6.63,177.3,176.14,178.88,175.54,0.76,triggered,0.26546003016591546,,,60.88,3.14%,3.97%,0.44,-2.24%,177.30,5.43%,9.07%,6.40
2026-09-30,morning,2026-09-30T14:08:31Z,GH,Diagnostics & Research,all_green,180.9,174.54,7.62,177.95,176.88,178.51,175.33,0.12,setting_up,0.3438320209973722,,,60.13,3.52%,4.84%,0.52,-3.03%,177.95,4.04%,8.31%,7.30
2026-09-30,morning,2026-09-30T14:08:31Z,GILD,Drug Manufacturers - General,leaders,152.62,148.79,3.59,150.6,151.34,151.28,149.1,-0.45,setting_up,0.4178272980501393,,,57.39,2.37%,2.27%,0.40,-4.25%,150.60,0.96%,5.61%,3.49
2026-09-30,morning,2026-09-30T14:08:31Z,GLW,Electronic Components,rs_new_high,161.39,155.62,8.19,154.13,158.52,160.47,153.4,-2.88,invalidated,0.08913308913308789,,,49.52,3.87%,4.10%,0.79,-43.29%,154.13,-0.11%,0.96%,8.11
2026-09-30,morning,2026-09-30T14:08:31Z,GTES,Specialty Industrial Machinery,emerging,27.17,26.4,0.83,26.47,26.73,26.82,26.4,-0.63,setting_up,0.0843373493975907,,,52.91,3.06%,3.01%,0.27,-12.75%,26.47,2.15%,-0.58%,0.80
2026-09-30,morning,2026-09-30T14:08:31Z,GTLB,Software - Infrastructure,leaders,47.1,45.51,2.07,47.23,46.63,47.58,46.48,1.11,triggered,0.3623188405797102,,,53.57,3.58%,4.36%,0.59,-14.98%,47.23,-2.25%,10.64%,2.00
2026-09-30,morning,2026-09-30T14:08:31Z,HNGE,Health Information Services,all_green,97.95,91.52,4.31,94.91,95.25,95.38,94.5,-0.32,setting_up,0.09512761020881592,,,56.67,4.85%,4.60%,0.26,-3.10%,94.91,2.20%,8.26%,4.07
2026-09-30,morning,2026-09-30T14:08:31Z,HPQ,Computer Hardware,accel,31.35,30.6,1.47,30.77,30.7,31.55,30.7,0.13,failed_breakout,0.04761904761904781,,,46.19,3.44%,4.78%,1.05,-15.06%,30.77,-5.37%,1.62%,1.43
2026-09-30,morning,2026-09-30T14:08:31Z,ICLR,Diagnostics & Research,all_green,176.7,169.73,6.65,166.47,167.98,169.99,165.24,-2.28,invalidated,0.18496240601503605,,,48.17,4.20%,3.89%,0.50,-18.36%,166.47,-0.60%,-0.63%,6.54
2026-09-30,morning,2026-09-30T14:08:31Z,IEX,Specialty Industrial Machinery,emerging,233.04,227.87,4.6,230.6,230.1,231.02,229.9,0.07,reclaim,0.1521739130434758,sma50,229.32921974522296,56.58,1.99%,1.88%,0.29,-5.41%,230.60,2.29%,0.47%,4.35
2026-09-30,morning,2026-09-30T14:08:31Z,INTC,Semiconductors,leaders,118.75,113.97,6.29,118.44,116.05,120.41,116.05,2.17,failed_breakout,0.37996820349761534,,,60.47,4.85%,4.67%,1.56,-16.80%,118.44,9.00%,18.31%,6.16
2026-09-30,morning,2026-09-30T14:08:31Z,IOT,,watchlist,38.43,37.13,2.06,38.42,38.05,38.53,37.87,1.19,failed_breakout,0.26699029126213797,,,47.47,4.33%,5.43%,0.50,-19.06%,38.42,-1.88%,-0.91%,1.96
2026-09-30,morning,2026-09-30T14:08:31Z,IQV,Diagnostics & Research,all_green,273.5,266.42,7.1,270.26,275.0,270.88,267.61,0.47,gapped_through,0.37323943661971515,,,59.62,2.99%,2.55%,0.62,-2.57%,270.26,1.18%,7.43%,6.83
2026-09-30,morning,2026-09-30T14:08:31Z,JNJ,Drug Manufacturers - General,leaders,271.89,265.59,5.21,266.76,267.0,268.48,265.96,-0.3,reclaim,0.15355086372361063,sma50,265.7100297914598,46.98,1.92%,1.81%,0.52,-5.09%,266.76,-1.09%,0.27%,5.02
2026-09-30,morning,2026-09-30T14:08:31Z,KEYS,Scientific & Technical Instruments,accel,364.95,356.6,10.85,362.46,362.0,366.51,362.0,0.5,failed_breakout,0.04239631336405342,,,65.66,3.04%,2.61%,0.45,-3.33%,362.46,7.20%,9.19%,10.50
2026-09-30,morning,2026-09-30T14:08:31Z,KLAC,Semiconductor Equipment & Materials,rs_new_high,197.47,192.57,7.93,195.9,196.73,197.57,195.41,-0.32,failed_breakout,0.06179066834804654,,,60.26,3.07%,3.73%,0.35,-36.27%,195.90,8.00%,4.33%,7.52
2026-09-30,morning,2026-09-30T14:08:31Z,LFUS,Electronic Components,rs_new_high,435.42,423.39,14.25,424.41,429.41,434.0,424.12,-1.01,reclaim,0.020350877192983893,sma50,424.38879540730477,53.01,2.66%,2.97%,0.49,-15.21%,424.41,2.07%,-0.04%,13.94
2026-09-30,morning,2026-09-30T14:08:31Z,LLY,Drug Manufacturers - General,leaders,1192.94,1168.47,31.2,1185.89,1184.54,1190.94,1181.7,0.11,reclaim,0.13429487179487354,sma50,1178.267356276109,56.37,2.85%,2.36%,0.55,-8.26%,1185.89,2.76%,0.63%,29.63
2026-09-30,morning,2026-09-30T14:08:31Z,LRCX,Semiconductor Equipment & Materials,rs_new_high,328.32,319.15,14.44,325.48,324.23,328.12,323.35,0.5,setting_up,0.14750692520775593,,,60.17,3.22%,3.80%,0.50,-25.77%,325.48,8.52%,6.71%,13.75
2026-09-30,morning,2026-09-30T14:08:31Z,LSCC,Semiconductors,leaders,126.99,123.62,5.55,125.62,126.39,128.19,125.56,0.14,failed_breakout,0.01081081081081122,,,57.78,3.77%,3.93%,0.66,-19.99%,125.62,7.56%,3.64%,5.35
2026-09-30,morning,2026-09-30T14:08:31Z,M,Department Stores,all_green,23.43,22.85,0.83,23.23,23.34,23.63,22.95,-0.17,failed_breakout,0.3373493975903628,,,55.85,3.24%,3.88%,0.91,-12.62%,23.23,4.12%,-0.11%,0.82
2026-09-30,morning,2026-09-30T14:08:31Z,MCHP,Semiconductors,leaders,80.37,78.47,2.78,78.99,79.07,79.55,78.74,0.27,setting_up,0.08992805755395684,,,59.25,3.16%,3.04%,0.32,-25.42%,78.99,6.45%,4.00%,2.64
2026-09-30,morning,2026-09-30T14:08:31Z,MEDP,Diagnostics & Research,all_green,622.7,610.06,15.38,616.42,622.13,623.3,616.41,-0.91,failed_breakout,0.0006501950585169638,,,55.50,2.56%,2.31%,0.28,-9.07%,616.42,1.46%,2.96%,14.78
2026-09-30,morning,2026-09-30T14:08:31Z,MPC,Oil & Gas Refining & Marketing,all_green,394.23,380.0,14.45,395.43,398.0,400.74,395.9,0.87,gapped_through,-0.032525951557091384,,,57.09,3.92%,3.73%,0.48,-8.27%,395.43,-0.63%,9.49%,14.04
2026-09-30,morning,2026-09-30T14:08:31Z,MPWR,Semiconductors,leaders,1374.32,1347.85,53.93,1351.65,1352.91,1361.44,1353.05,-0.32,setting_up,-0.02595957722973973,,,58.10,3.32%,3.54%,0.32,-21.14%,1351.65,7.72%,3.61%,50.68
2026-09-30,morning,2026-09-30T14:08:31Z,MRK,Drug Manufacturers - General,leaders,150.36,146.09,3.6,147.53,148.11,149.27,147.37,-1.17,setting_up,0.044444444444443496,,,53.09,2.50%,2.14%,0.53,-5.98%,147.53,-0.22%,4.09%,3.48
2026-09-30,morning,2026-09-30T14:08:31Z,MRVL,Semiconductors,leaders,264.39,256.88,13.45,258.18,264.45,264.88,257.5,-1.93,gapped_through,0.05055762081784437,,,58.64,3.92%,4.48%,0.81,-21.74%,258.18,7.74%,15.15%,13.02
2026-09-30,morning,2026-09-30T14:08:31Z,MSFT,Software - Infrastructure,leaders,513.64,502.4,11.88,518.62,510.8,519.83,510.33,1.9,triggered,0.6978114478114494,,,62.79,2.64%,2.05%,0.99,-6.34%,518.62,3.56%,7.45%,11.81
2026-09-30,morning,2026-09-30T14:08:31Z,MTSI,Semiconductors,leaders,286.3,278.9,13.83,281.89,284.52,284.19,281.57,-0.84,setting_up,0.02313810556760616,,,53.32,4.27%,4.24%,0.28,-32.71%,281.89,4.12%,2.78%,13.03
2026-09-30,morning,2026-09-30T14:08:31Z,NBIS,Software - Infrastructure,leaders,246.98,233.61,16.53,241.6,243.9,250.48,239.66,1.79,failed_breakout,0.11736237144585587,,,56.84,6.22%,6.34%,1.44,-19.43%,241.60,6.53%,10.70%,16.29
2026-09-30,morning,2026-09-30T14:08:31Z,NET,Software - Infrastructure,leaders,356.72,348.01,17.25,349.96,351.0,357.64,347.76,-0.65,reclaim,0.1275362318840573,prior_low,348.01,61.50,4.61%,5.44%,0.78,-4.75%,349.96,7.46%,14.97%,16.72
2026-09-30,morning,2026-09-30T14:08:31Z,NTAP,Software - Infrastructure,leaders,210.04,200.79,7.81,212.04,210.57,216.81,210.04,1.36,gapped_through,0.2560819462227913,,,68.11,3.65%,4.45%,1.22,0.95%,212.04,9.18%,11.50%,7.79
2026-09-30,morning,2026-09-30T14:08:31Z,NTNX,Software - Infrastructure,leaders,70.32,67.9,2.11,70.68,70.1,71.25,69.9,0.85,triggered,0.36966824644549817,,,63.47,2.89%,2.73%,0.45,-9.26%,70.68,3.34%,8.39%,2.06
2026-09-30,morning,2026-09-30T14:08:31Z,NTSK,Software - Infrastructure,leaders,17.92,16.94,0.95,17.34,17.31,17.63,17.12,0.4,setting_up,0.23157894736841986,,,57.98,4.68%,6.43%,0.58,-30.59%,17.34,4.67%,15.68%,0.92
2026-09-30,morning,2026-09-30T14:08:31Z,NVDA,Semiconductors,leaders,232.82,227.02,6.02,231.05,228.96,232.37,227.19,1.69,setting_up,0.6411960132890389,,,60.10,2.09%,2.20%,1.21,-2.32%,231.05,3.46%,6.25%,5.96
2026-09-30,morning,2026-09-30T14:08:31Z,NVMI,Semiconductor Equipment & Materials,rs_new_high,385.73,376.4,15.24,384.04,385.79,386.94,385.25,-0.28,gapped_through,-0.07939632545931624,,,56.55,2.83%,3.22%,0.47,-37.65%,384.04,5.95%,0.84%,14.28
2026-09-30,morning,2026-09-30T14:08:31Z,NVT,Electrical Equipment & Parts,accel,164.93,159.6,6.46,161.04,161.86,162.03,160.61,-0.4,setting_up,0.06656346749225672,,,53.67,3.31%,3.41%,0.27,-12.78%,161.04,2.55%,2.52%,6.10
2026-09-30,morning,2026-09-30T14:08:31Z,NXPI,Semiconductors,leaders,239.83,235.11,7.44,235.06,236.65,238.2,234.55,-0.6,invalidated,0.06854838709677297,,,52.42,2.50%,2.96%,0.59,-30.85%,235.06,2.23%,0.43%,7.17
2026-09-30,morning,2026-09-30T14:08:31Z,ONTO,Semiconductor Equipment & Materials,rs_new_high,304.78,295.89,15.52,299.58,304.88,308.74,299.62,-1.68,gapped_through,-0.0025773195876301848,,,58.26,3.74%,4.23%,0.82,-22.48%,299.58,10.17%,6.47%,15.06
2026-09-30,morning,2026-09-30T14:08:31Z,PANW,Software - Infrastructure,leaders,391.75,377.8,18.16,396.33,391.93,399.95,388.89,2.04,gapped_through,0.409691629955947,,,60.64,4.47%,4.87%,0.99,-0.64%,396.33,8.89%,10.38%,17.68
2026-09-30,morning,2026-09-30T14:08:31Z,PBF,Oil & Gas Refining & Marketing,all_green,75.91,72.39,4.44,76.72,76.6,78.98,75.98,1.98,gapped_through,0.1666666666666655,,,57.63,6.42%,6.05%,0.60,-7.13%,76.72,2.60%,8.15%,4.39
2026-09-30,morning,2026-09-30T14:08:31Z,PI,Semiconductors,leaders,180.9,175.6,7.39,179.22,177.68,178.99,176.33,1.57,setting_up,0.39106901217861795,,,56.71,3.34%,4.25%,0.37,-27.46%,179.22,1.71%,7.39%,7.05
2026-09-30,morning,2026-09-30T14:08:31Z,PLTR,Software - Infrastructure,leaders,188.63,184.81,6.51,189.47,188.17,190.68,187.0,1.34,triggered,0.37941628264208893,,,62.45,3.30%,3.67%,0.56,-8.70%,189.47,5.87%,13.31%,6.31
2026-09-30,morning,2026-09-30T14:08:31Z,PLXS,Electronic Components,rs_new_high,268.01,262.38,8.13,262.31,266.41,267.38,266.4,-1.44,invalidated,-0.5030750307503044,,,57.83,2.45%,2.64%,0.35,-14.57%,262.31,4.12%,3.40%,7.64
2026-09-30,morning,2026-09-30T14:08:31Z,PSX,Oil & Gas Refining & Marketing,all_green,252.95,248.51,8.29,255.82,255.58,259.08,255.58,1.42,gapped_through,0.028950542822675597,,,54.81,3.22%,3.23%,0.46,-7.69%,255.82,-1.34%,7.29%,8.19
2026-09-30,morning,2026-09-30T14:08:31Z,PWR,Engineering & Construction,rs_new_high,659.85,644.52,21.55,645.69,654.9,654.9,641.8,-0.94,reclaim,0.18051044083527146,prior_low,644.52,52.74,2.75%,3.02%,0.28,-18.14%,645.69,2.06%,0.53%,20.95
2026-09-30,morning,2026-09-30T14:08:31Z,QCOM,Semiconductors,leaders,190.03,182.23,9.03,185.85,184.89,188.27,184.65,0.95,setting_up,0.13289036544850374,,,53.01,4.54%,4.86%,0.94,-28.50%,185.85,1.02%,8.63%,8.69
2026-09-30,morning,2026-09-30T14:08:31Z,QGEN,Diagnostics & Research,all_green,44.66,44.04,1.18,44.02,44.4,44.7,43.99,-0.86,invalidated,0.025423728813560288,,,52.98,2.36%,2.24%,0.80,-23.86%,44.02,1.15%,2.43%,1.15
2026-09-30,morning,2026-09-30T14:08:31Z,QLYS,Software - Infrastructure,leaders,178.68,170.91,9.17,180.93,179.14,182.02,178.35,1.45,gapped_through,0.2813522355507102,,,53.82,4.49%,5.54%,0.41,-10.22%,180.93,3.36%,5.14%,8.78
2026-09-30,morning,2026-09-30T14:08:31Z,RAL,Electronic Components,rs_new_high,70.2,68.9,2.16,69.42,69.84,70.53,69.28,-0.81,failed_breakout,0.06481481481481507,,,58.55,2.56%,3.11%,0.06,-7.95%,69.42,3.43%,3.61%,2.10
2026-09-30,morning,2026-09-30T14:08:31Z,RGA,Insurance - Reinsurance,leaders,253.95,250.51,4.76,251.01,251.74,252.98,251.3,-0.76,setting_up,-0.06092436974790346,,,57.97,2.18%,1.79%,0.25,-2.64%,251.01,0.90%,2.52%,4.54
2026-09-30,morning,2026-09-30T14:08:31Z,RMBS,Semiconductors,leaders,104.87,101.65,5.26,102.56,103.12,103.97,102.59,-0.55,setting_up,-0.005703422053232155,,,60.59,5.14%,4.49%,0.21,-41.09%,102.56,11.30%,10.04%,4.98
2026-09-30,morning,2026-09-30T14:08:31Z,S,Software - Infrastructure,leaders,23.42,22.47,1.15,23.58,23.6,23.89,23.38,1.16,gapped_through,0.17391304347826025,,,58.83,4.74%,5.16%,0.87,-3.35%,23.58,7.06%,11.10%,1.11
2026-09-30,morning,2026-09-30T14:08:31Z,SAIL,Software - Infrastructure,leaders,21.08,20.35,1.22,20.67,20.75,20.89,20.51,0.0,setting_up,0.13114754098360668,,,56.47,5.62%,6.47%,0.67,-13.87%,20.67,4.72%,10.81%,1.16
2026-09-30,morning,2026-09-30T14:08:31Z,SANM,Electronic Components,rs_new_high,224.65,218.49,10.34,215.97,223.6,223.76,215.99,-3.04,invalidated,-0.001934235976790158,,,55.38,4.24%,4.60%,0.58,-25.19%,215.97,4.23%,7.07%,10.16
2026-09-30,morning,2026-09-30T14:08:31Z,SCCO,,watchlist,205.4,199.44,7.68,209.27,205.63,209.16,202.46,3.32,gapped_through,0.8867187500000003,,,59.49,2.87%,3.35%,0.68,-5.21%,209.27,4.80%,6.49%,7.61
2026-09-30,morning,2026-09-30T14:08:31Z,SHC,Diagnostics & Research,all_green,18.65,18.27,0.44,18.56,18.68,18.76,18.39,-0.22,gapped_through,0.3863636363636322,,,48.43,2.35%,2.32%,0.15,-6.50%,18.56,-0.49%,-0.19%,0.44
2026-09-30,morning,2026-09-30T14:08:31Z,SIMO,Semiconductors,leaders,284.0,274.22,16.96,280.31,279.21,283.76,279.0,1.5,setting_up,0.07724056603773598,,,56.33,4.37%,5.99%,0.39,-21.04%,280.31,5.95%,9.24%,16.29
2026-09-30,morning,2026-09-30T14:08:31Z,SITM,Semiconductors,leaders,672.81,646.0,39.02,646.42,657.82,658.88,645.93,-0.77,reclaim,0.012557662737058151,prior_low,646.0,55.39,6.27%,5.63%,0.43,-28.32%,646.42,6.03%,6.70%,37.16
2026-09-30,morning,2026-09-30T14:08:31Z,SKHY,Semiconductors,leaders,188.41,183.05,9.26,185.5,186.2,187.7,184.8,-0.63,setting_up,0.07559395248380008,,,54.29,3.14%,3.95%,0.62,-7.19%,185.50,1.10%,12.08%,8.81
2026-09-30,morning,2026-09-30T14:08:31Z,SMCI,Computer Hardware,accel,42.69,40.85,2.29,40.99,42.14,42.68,40.66,-0.07,reclaim,0.14410480349345214,prior_low,40.85,56.31,4.97%,5.31%,1.52,-30.27%,40.99,3.44%,13.74%,2.28
2026-09-30,morning,2026-09-30T14:08:31Z,SMTC,Semiconductors,leaders,184.45,177.03,11.47,178.1,179.83,183.18,177.72,-1.11,setting_up,0.033129904097645636,,,59.35,6.12%,6.44%,0.60,-6.58%,178.10,7.63%,23.82%,11.04
2026-09-30,morning,2026-09-30T14:08:31Z,SNAP,Internet Content & Information,leaders,5.35,5.18,0.26,5.66,5.43,5.69,5.39,6.03,gapped_through,1.03846153846154,,,54.85,3.98%,4.70%,1.90,-37.99%,5.66,2.06%,6.60%,0.27
2026-09-30,morning,2026-09-30T14:08:31Z,SNDK,Computer Hardware,accel,1749.78,1693.0,108.17,1734.36,1733.41,1755.97,1720.71,0.27,failed_breakout,0.12619025607839385,,,54.48,4.72%,5.71%,0.67,-26.34%,1734.36,2.43%,13.09%,102.96
2026-09-30,morning,2026-09-30T14:08:31Z,SNX,Electronics & Computer Distribution,leaders,259.78,254.24,11.32,257.95,259.47,261.36,257.32,-0.09,reclaim,0.05565371024734942,sma50,257.54613466334166,47.00,5.68%,3.43%,0.41,-13.66%,257.95,-2.30%,0.09%,10.80
2026-09-30,morning,2026-09-30T14:08:31Z,STM,Semiconductors,leaders,54.33,52.97,1.75,53.12,53.28,53.32,52.92,-0.23,reclaim,0.11428571428571185,prior_low,52.97,54.75,2.32%,2.33%,0.71,-34.76%,53.12,3.89%,2.20%,1.66
2026-09-30,morning,2026-09-30T14:08:31Z,STX,Computer Hardware,accel,944.43,900.1,49.9,921.0,920.88,928.74,908.0,0.83,setting_up,0.2605210420841683,,,58.66,4.44%,5.35%,1.26,-19.56%,921.00,6.71%,7.69%,47.82
2026-09-30,morning,2026-09-30T14:08:31Z,TECK,,watchlist,66.11,64.62,2.25,66.78,65.69,66.9,65.17,2.98,triggered,0.7155555555555553,,,51.31,2.33%,2.72%,1.30,-7.97%,66.78,-0.13%,1.77%,2.23
2026-09-30,morning,2026-09-30T14:08:31Z,TER,Semiconductor Equipment & Materials,rs_new_high,415.61,399.84,19.94,397.64,401.95,404.46,397.09,-1.33,invalidated,0.02758274824473477,,,57.18,4.12%,4.24%,0.41,-18.50%,397.64,7.06%,6.77%,19.05
2026-09-30,morning,2026-09-30T14:08:31Z,TSEM,Semiconductors,leaders,237.55,228.13,13.55,229.27,234.55,236.0,228.85,-2.2,setting_up,0.030996309963100804,,,53.04,5.32%,4.78%,0.44,-28.34%,229.27,5.15%,1.92%,13.09
2026-09-30,morning,2026-09-30T14:08:31Z,TXN,Semiconductors,leaders,284.39,280.23,7.98,281.75,281.17,283.5,281.01,0.02,setting_up,0.09273182957393597,,,62.92,2.25%,2.66%,0.32,-15.65%,281.75,5.67%,4.10%,7.59
2026-09-30,morning,2026-09-30T14:08:31Z,VLO,Oil & Gas Refining & Marketing,all_green,389.4,379.57,14.95,392.52,390.75,398.88,391.52,1.24,gapped_through,0.06688963210702341,,,60.44,4.40%,4.01%,0.79,-6.33%,392.52,1.29%,11.76%,14.68
2026-09-30,morning,2026-09-30T14:08:31Z,VRNS,Software - Infrastructure,leaders,48.31,46.07,2.01,47.31,47.16,48.0,46.91,0.42,setting_up,0.19900497512438095,,,54.60,4.38%,4.44%,0.25,-25.97%,47.31,0.73%,6.19%,1.95
2026-09-30,morning,2026-09-30T14:08:31Z,WAT,Diagnostics & Research,all_green,444.41,437.88,11.75,444.15,443.26,447.98,441.77,0.2,failed_breakout,0.20255319148936132,,,69.21,3.15%,2.68%,0.32,-0.30%,444.15,5.57%,8.77%,11.35
2026-09-30,morning,2026-09-30T14:08:31Z,ZETA,Software - Infrastructure,leaders,29.46,28.45,1.39,29.94,29.21,30.16,29.21,3.4,triggered,0.5251798561151083,,,52.95,4.19%,4.63%,0.59,-8.73%,29.94,-1.48%,7.34%,1.37
2026-09-30,morning,2026-09-30T14:08:31Z,ZS,Software - Infrastructure,leaders,201.39,195.11,10.28,197.55,199.0,200.62,196.89,-0.41,setting_up,0.06420233463035263,,,55.65,4.98%,5.17%,0.51,-41.38%,197.55,4.44%,11.75%,9.81
